﻿nev;nem
Aba;1
Abád;1
Abbás;1
Abdiás;1
Abdon;1
Abdullah;1
Ábel;1
Abelárd;1
Ábner;1
Abod;1
Abony;1
Abos;1
Abosa;1
Ábrahám;1
Ábrám;1
Ábrán;1
Ábris;1
Absa;1
Absolon;1
Acél;1
Achilles;1
Achillesz;1
Áchim;1
Acsád;1
Adalbert;1
Ádám;1
Adeboró;1
Ádel;1
Adelmár;1
Áden;1
Adeodát;1
Ádér;1
Ádin;1
Adolár;1
Adolf;1
Ádomás;1
Adonisz;1
Adony;1
Adorján;1
Adrián;1
Adriánó;1
Agád;1
Agamemnon;1
Agapion;1
Ágas;1
Agaton;1
Agenor;1
Aggeus;1
Agmánd;1
Ágost;1
Ágoston;1
Ahillész;1
Áhim;1
Ahmed;1
Airton;1
Ajád;1
Ajándok;1
Ajtony;1
Akács;1
Akitó;1
Ákos;1
Aladár;1
Aladdin;1
Aladin;1
Alajos;1
Alán;1
Alap;1
Alárd;1
Alarik;1
Albert;1
Albin;1
Aldán;1
Áldás;1
Aldó;1
Áldor;1
Alek;1
Alekszej;1
Alen;1
Alex;1
Alexander;1
Alfonz;1
Alfréd;1
Algernon;1
Ali;1
Almár;1
Álmos;1
Alpár;1
Alperen ;1
Álváró;1
Alvián;1
Alvin;1
Amadé;1
Amadeusz;1
Amadó;1
Amand;1
Amar;1
Amator;1
Ambos;1
Ambró;1
Ambrus;1
Ámer;1
Amin;1
Amir;1
Ammar;1
Ammon;1
Ámon;1
Amondó;1
Ámor;1
Ámos;1
Anakin;1
Anasztáz;1
Anatol;1
Andon;1
Andor;1
Andorás;1
Andos;1
András;1
André;1
Andrej;1
Andzseló;1
Angelus;1
Angelusz;1
Ángyán;1
Anicét;1
Aníziusz;1
Antal;1
Antigon;1
Anton;1
Antónió;1
Antos;1
Anzelm;1
Ányos;1
Apaj;1
Apollinár;1
Apolló;1
Apor;1
Apostol;1
Apród;1
Aracs;1
Arad;1
Aragorn;1
Aram;1
Aramisz;1
Árav;1
Archibald;1
Árden;1
Ardó;1
Arek;1
Árész;1
Arétász;1
Arián;1
Arie;1
Ariel;1
Arif;1
Arion;1
Árisz;1
Arisztid;1
Ariton;1
Arkád;1
Árkád;1
Árkos;1
Arlen;1
Árlen;1
Armand;1
Armandó;1
Ármin;1
Arnó;1
Arnold;1
Arnót;1
Áron;1
Árpád;1
Arszák;1
Árszen;1
Arszlán;1
Artemon;1
Artúr;1
Arus;1
Arvéd;1
Arvid;1
Árvin;1
Arzén;1
Aser;1
Áser;1
Ashraf;1
Asur;1
Aszáf;1
Aszmet;1
Aszter;1
Asztor;1
Asztrik;1
Ata;1
Atád;1
Atakám;1
Atanáz;1
Atilla;1
Atlasz;1
Aton;1
Atos;1
Atosz;1
Attila;1
Auguszt;1
Augusztusz;1
Aurél;1
Aurélián;1
Avenár;1
Avidan;1
Avner;1
Axel;1
Azár;1
Azarél;1
Azim;1
Aziz;1
Azriel;1
Bács;1
Bacsó;1
Bagamér;1
Baján;1
Bajka;1
Bajnok;1
Bájron;1
Bakács;1
Baksa;1
Bakta;1
Balabán;1
Baladéva;1
Balambér;1
Balár;1
Balaráma;1
Balassa;1
Balázs;1
Baldó;1
Baldvin;1
Balián;1
Bálint;1
Balla;1
Balló;1
Balmaz;1
Baltazár;1
Bán;1
Bandó;1
Bánk;1
Bános;1
Barabás;1
Baracs;1
Barakony;1
Barangó;1
Bardó;1
Barla;1
Barlám;1
Barna;1
Barnabás;1
Barót;1
Bars;1
Barsz;1
Barta;1
Bartal;1
Bartó;1
Barton;1
Bartos;1
Báruk;1
Bató;1
Bátony;1
Bátor;1
Batu;1
Batus;1
Bazil;1
Bazsó;1
Becse;1
Bedecs;1
Bedő;1
Beke;1
Bekény;1
Bekes;1
Békés;1
Bekő;1
Béla;1
Belár;1
Belián;1
Belizár;1
Ben;1
Benája;1
Benammi;1
Bence;1
Bende;1
Bendegúz;1
Bendit;1
Bene;1
Benedek;1
Benedikt;1
Benediktusz;1
Benett;1
Béni;1
Beniel;1
Benignusz;1
Benitó;1
Benjamin;1
Benjámin;1
Benke;1
Benkő;1
Bennó;1
Benő;1
Bentli;1
Benvenútó;1
Berárd;1
Bérc;1
Bercel;1
Bere;1
Berec;1
Berend;1
Berengár;1
Berény;1
Berger;1
Berián;1
Beriszló;1
Berke;1
Berkó;1
Bernárd;1
Bernát;1
Bertalan;1
Bertel;1
Bertil;1
Bertin;1
Bertold;1
Berton;1
Bertram;1
Berzsián;1
Bese;1
Beten;1
Betlen;1
Bihar;1
Björn;1
Boáz;1
Bocsárd;1
Bod;1
Bodó;1
Bódog;1
Bodomér;1
Bodony;1
Bodor;1
Bogát;1
Bogdán;1
Bogumil;1
Bohumil;1
Bohus;1
Boján;1
Bojta;1
Bojtor;1
Bojtorján;1
Boldizsár;1
Boleszláv;1
Bolivár;1
Bolyk;1
Bonaventúra;1
Bonca;1
Bongor;1
Bonifác;1
Bónis;1
Bónó;1
Borbás;1
Borisz;1
Borocs;1
Boromir;1
Boroszló;1
Bors;1
Borsa;1
Botár;1
Botir;1
Botond;1
Botos;1
Bottyán;1
Bozsidár;1
Bozsó;1
Bökény;1
Böngér;1
Brájen;1
Bránkó;1
Brendon;1
Brett;1
Brúnó;1
Brútusz;1
Buda;1
Bulcsú;1
Buldus;1
Burak;1
Buzád;1
Buzát;1
Cádók;1
Cecilián;1
Celesztin;1
Cézár;1
Ciceró;1
Ciprián;1
Cirill;1
Cirják;1
Cirjék;1
Círus;1
Cvi;1
Csaba;1
Csák;1
Csanád;1
Csát;1
Csatád;1
Csatár;1
Csató;1
Csed;1
Csege;1
Csegő;1
Csejte;1
Cseke;1
Csekő;1
Csemen;1
Csenger;1
Csépán;1
Csepel;1
Cserjén;1
Csete;1
Csetény;1
Csikó;1
Csingiz;1
Csobád;1
Csobajd;1
Csobán;1
Csobánc;1
Csolt;1
Csoma;1
Csombor;1
Csomor;1
Csongor;1
Csörsz;1
Dagobert;1
Dagomér;1
Dakó;1
Dalia;1
Dalibor;1
Dalton;1
Damáz;1
Damián;1
Damír;1
Damján;1
Damos;1
Dániel;1
Daniló;1
Dános;1
Dante;1
Daren;1
Dárió;1
Dárius;1
Dáriusz;1
Dárkó;1
Darnel;1
Dasztin;1
Dávid;1
Décse;1
Deján;1
Dejte;1
Delánó;1
Deli;1
Deme;1
Demény;1
Demeter;1
Demjén;1
Dénes;1
Dengezik;1
Denisz;1
Denton;1
Deodát;1
Derek;1
Derel;1
Ders;1
Derzs;1
Dés;1
Detre;1
Dévald;1
Devecser;1
Dexter;1
Dezmér;1
Dezsér;1
Dezsider;1
Dezső;1
Diaz;1
Diegó;1
Dienes;1
Dijár;1
Dilen;1
Dilon;1
Dimitri;1
Dimitrij;1
Dioméd;1
Ditmár;1
Doboka;1
Dókus;1
Doma;1
Domán;1
Dománd;1
Domicián;1
Dominik;1
Domokos;1
Domonkos;1
Domos;1
Donald;1
Donát;1
Donátó;1
Donoven;1
Dorel;1
Dorián;1
Dorion;1
Dormán;1
Dormánd;1
Doroteó;1
Dotán;1
Dov;1
Dózsa;1
Döme;1
Dömjén;1
Dömös;1
Dömötör;1
Dragan;1
Drasek;1
Dukász;1
Dusán;1
Dzsamal;1
Dzsárgál;1
Dzsasztin;1
Dzserald;1
Dzsingiz;1
Dzsínó;1
Dzsúlió;1
Ében;1
Ecse;1
Ede;1
Edekon;1
Edgár;1
Edizon;1
Edmond;1
Edmund;1
Edömér;1
Edrik;1
Eduán;1
Eduárd;1
Eduárdó;1
Edvárd;1
Edvin;1
Efe;1
Efraim;1
Efrém;1
Egbert;1
Egmont;1
Egon;1
Egyed;1
Éhúd;1
Ékám;1
Elád;1
Eldon;1
Elek;1
Elemér;1
Éli;1
Elián;1
Éliás;1
Eliél;1
Eliézer;1
Elígiusz;1
Elihú;1
Eliot;1
Elizeus;1
Ellák;1
Elmár;1
Elmó;1
Élon;1
Előd;1
Elton;1
Elvir;1
Emánuel;1
Emeka;1
Emil;1
Emilián;1
Emir;1
Emmett;1
Emőd;1
Endre;1
Éneás;1
Engelbert;1
Engelhard;1
Enki;1
Énok;1
Énók;1
Enrikó;1
Enzó;1
Erazmus;1
Erdő;1
Erhard;1
Erik;1
Erk;1
Ernák;1
Ernán;1
Erneszt;1
Ernesztó;1
Ernik;1
Ernő;1
Ernye;1
Erős;1
Ervin;1
Étán;1
Ete;1
Etele;1
Etre;1
Eugén;1
Euszták;1
Eutim;1
Évald;1
Evariszt;1
Everard;1
Evron;1
Ezékiel;1
Ezel;1
Ezra;1
Ézsaiás;1
Fábián;1
Fábió;1
Fábiusz;1
Fabó;1
Fabríció;1
Fabrícius;1
Fabríciusz;1
Fajsz;1
Farkas;1
Fausztusz;1
Fedor;1
Felicián;1
Félix;1
Ferdinánd;1
Ferenc;1
Fernandó;1
Fernándó;1
Fidél;1
Filemon;1
Filep;1
Filibert;1
Filip;1
Filippó;1
Filomén;1
Fineás;1
Flavián;1
Flávió;1
Fláviusz;1
Florentin;1
Flórián;1
Flóris;1
Fodor;1
Folkus;1
Fóris;1
Fortunát;1
Fortunátó;1
Frank;1
Franklin;1
Frederik;1
Frederíkó;1
Frej;1
Fremont;1
Fridolin;1
Frigyes;1
Frodó;1
Fülöp;1
Gáber;1
Gábor;1
Gabos;1
Gábos;1
Gábri;1
Gábriel;1
Gál;1
Gallusz;1
Gálos;1
Gandalf;1
Gara;1
Gáspár;1
Gaszton;1
Gaura;1
Gazsó;1
Gécsa;1
Gede;1
Gedeon;1
Gedő;1
Gejza;1
Gellén;1
Gellért;1
Geminián;1
Geraszim;1
Gerd;1
Geréb;1
Gereben;1
Gergely;1
Gergő;1
Gerhárd;1
Gerjén;1
Germán;1
Gernot;1
Gerold;1
Gerő;1
Gerváz;1
Gerzson;1
Géza;1
Gibárt;1
Gida;1
Gilbert;1
Gilgames;1
Girót;1
Gisó;1
Gobert;1
Godó;1
Godvin;1
Gópál;1
Gorán;1
Gorda;1
Gordon;1
Gorgiás;1
Gotárd;1
Gotfrid;1
Gothárd;1
Gotlíb;1
Góvardhan;1
Góvinda;1
Göncöl;1
Gracián;1
Gregor;1
Guidó;1
Gujdó;1
Gusztáv;1
Günter;1
Gyárfás;1
Gyécsa;1
Gyeke;1
Gyenes;1
Gyoma;1
Györe;1
György;1
Györk;1
Györke;1
Győző;1
Gyula;1
Habib;1
Hadi;1
Hadriel;1
Hadúr;1
Háfiz;1
Hájim;1
Hakim;1
Hamid;1
Hamilkár;1
Hamza;1
Hananjá;1
Hannibál;1
Hannó;1
Harald;1
Hari;1
Harka;1
Harkány;1
Harlám;1
Harri;1
Hárs;1
Harsány;1
Hartvig;1
Harun;1
Hasszán;1
Havel;1
Hebron;1
Hejkó;1
Hektor;1
Heliodor;1
Héliosz;1
Helmond;1
Helmut;1
Hendri;1
Henrik;1
Herbert;1
Herkules;1
Herman;1
Hermész;1
Hermiás;1
Hermiusz;1
Herold;1
Hetény;1
Hiador;1
Hilár;1
Hiláriusz;1
Hilmár;1
Hippolit;1
Hódos;1
Holden;1
Holló;1
Honor;1
Honorát;1
Honorátusz;1
Honóriusz;1
Hont;1
Horác;1
Horáció;1
Horáciusz;1
Horka;1
Hős;1
Huba;1
Hubert;1
Hubertusz;1
Hugó;1
Humbert;1
Hunor;1
Hunyad;1
Hümér;1
Ibrahim;1
Ibrány;1
Idrisz;1
Ignác;1
Igor;1
Iláj;1
Ilán;1
Ilárion;1
Ildár;1
Ildefonz;1
Ilián;1
Iliász;1
Illés;1
Ilmár;1
Imbert;1
Immánuel;1
Imre;1
Ince;1
Indár;1
Ingmár;1
Ipoly;1
Iréneusz;1
Irnik;1
István;1
Isua;1
Iszam;1
Itiel;1
Iván;1
Ivár;1
Ivó;1
Ivor;1
Ixion;1
Izaiás;1
Izidor;1
Izmael;1
Izor;1
Izrael;1
Izsák;1
Izsó;1
Jábin;1
Jácint;1
Jáfet;1
Jagelló;1
Jáir;1
Jakab;1
Jákim;1
Jákó;1
Jákob;1
Jakus;1
Janek;1
Jankó;1
Janó;1
János;1
Január;1
Jánusz;1
Járed;1
Járfás;1
Jászon;1
Jávor;1
Jázon;1
Jefte;1
Jelek;1
Jeles;1
Jenő;1
Jeremi;1
Jeremiás;1
Jermák;1
Jernő;1
Jeromos;1
Jetró;1
Joáb;1
Joachim;1
Joáhim;1
Joakim;1
Joákim;1
Jób;1
Joel;1
Johanán;1
Jónás;1
Jonatán;1
Jordán;1
Jozafát;1
József;1
Józsiás;1
Józsua;1
Józsué;1
Júda;1
Jukundusz;1
Julián;1
Juliánusz;1
Júliusz;1
Junior;1
Jusztin;1
Jusztusz;1
Juszuf;1
Jutas;1
Jutocsa;1
Juvenál;1
Kaba;1
Kabos;1
Kada;1
Kadicsa;1
Kadisa;1
Kadocsa;1
Kadosa;1
Káin;1
Kajetán;1
Kájusz;1
Kál;1
Káldor;1
Káleb;1
Kálmán;1
Kamil;1
Kamill;1
Kamilló;1
Kán;1
Kandid;1
Kanut;1
Kapisztrán;1
Kaplon;1
Kaplony;1
Kapolcs;1
Kara;1
Karacs;1
Karácson;1
Karád;1
Karcsa;1
Kardos;1
Karim;1
Karion;1
Kármán;1
Károly;1
Karsa;1
Kartal;1
Kászon;1
Kasszián;1
Kasztor;1
Katapán;1
Kazimír;1
Kázmér;1
Keán;1
Keled;1
Kelemen;1
Kelemér;1
Kelen;1
Kelén;1
Kelvin;1
Kemal;1
Kemál;1
Kemecse;1
Kemenes;1
Kénán;1
Kende;1
Kenese;1
Kenéz;1
Kerecsen;1
Kerény;1
Keresztély;1
Keresztes;1
Kerim;1
Kerubin;1
Késav;1
Keszi;1
Kesző;1
Ketel;1
Keve;1
Kevend;1
Kevin;1
Kian;1
Kián;1
Kien;1
Kilán;1
Kilény;1
Kilián;1
Kilit;1
Kinizs;1
Kirill;1
Kiron;1
Kirtan;1
Kitán;1
Klaudió;1
Klaudiusz;1
Klausz;1
Kleofás;1
Kleon;1
Klétus;1
Kocsárd;1
Kofi;1
Kolen;1
Kolin;1
Kolja;1
Kolos;1
Kolozs;1
Kolta;1
Kolumbán;1
Kolumbusz;1
Kond;1
Konor;1
Konrád;1
Konstantin;1
Kont;1
Koppány;1
Koridon;1
Koriolán;1
Kornél;1
Kornéliusz;1
Koron;1
Korvin;1
Kos;1
Kósa;1
Kovrat;1
Kozma;1
Kötöny;1
Kövecs;1
Kratosz;1
Kresimir;1
Krisna;1
Kristóf;1
Krisztián;1
Krisztofer;1
Krizantusz;1
Krizosztom;1
Krizsán;1
Kund;1
Kunó;1
Kurd;1
Kurszán;1
Kurt;1
Kusán;1
Kustyán;1
Kücsid;1
Kürt;1
Kventin;1
Laborc;1
Lád;1
Ladomér;1
Lajos;1
Lamar;1
Lambert;1
Lándor;1
Lantos;1
Largó;1
Larion;1
László;1
Laurent;1
Lázár;1
Lázó;1
Leander;1
Leandró;1
Leándrosz;1
Lehel;1
Lél;1
Lemmi;1
Lénárd;1
Lénárt;1
Lennon;1
Lennox;1
Leó;1
Leon;1
Leonárd;1
Leonárdó;1
Leonid;1
Leonidász;1
Leontin;1
Leopold;1
Lestár;1
Levéd;1
Levedi;1
Levente;1
Lévi;1
Levin;1
Liam;1
Liberátusz;1
Libériusz;1
Libor;1
Liboriusz;1
Libóriusz;1
Liem;1
Linasz;1
Lionel;1
Lior;1
Lipót;1
Lívió;1
Liviusz;1
Líviusz;1
Lizander;1
Lóci;1
Loik;1
Loránd;1
Lóránd;1
Loránt;1
Lóránt;1
Lorenzó;1
Lotár;1
Lőrinc;1
Lucián;1
Lúciusz;1
Ludvig;1
Lukács;1
Lukréciusz;1
Lüszien;1
Madocsa;1
Magnusz;1
Magor;1
Mahmud;1
Majlát;1
Majs;1
Makabeus;1
Makár;1
Malakiás;1
Malik;1
Manaén;1
Manassé;1
Mandel;1
Manfréd;1
Manó;1
Mánóah;1
Manóhar;1
Manszvét;1
Manuel;1
Mánuel;1
Manzur;1
Marcel;1
Marcell;1
Marcián;1
Március;1
Marcselló;1
Marián;1
Marinusz;1
Márió;1
Máriusz;1
Márk;1
Markel;1
Markó;1
Márkó;1
Márkus;1
Márkusz;1
Marlon;1
Marót;1
Marsal;1
Martin;1
Marton;1
Márton;1
Martos;1
Marvin;1
Matán;1
Máté;1
Mateó;1
Mateusz;1
Mattenai;1
Matteó;1
Mátyás;1
Mátyus;1
Mauríció;1
Mauró;1
Max;1
Maxim;1
Maximilián;1
Maximusz;1
Mazen;1
Medárd;1
Medox;1
Megyer;1
Melchior;1
Melhior;1
Meliton;1
Melkisédek;1
Memnon;1
Ménás;1
Mendel;1
Ménrót;1
Menyhért;1
Merlin;1
Merse;1
Metód;1
Mihály;1
Mika;1
Mikán;1
Mike;1
Mikeás;1
Mikes;1
Mikió;1
Miklós;1
Mikó;1
Miksa;1
Milán;1
Milen;1
Milián;1
Miló;1
Milorád;1
Milos;1
Milován;1
Miltiádész;1
Milton;1
Mirán;1
Mirkó;1
Miró;1
Miron;1
Misa;1
Misel;1
Miska;1
Miske;1
Misó;1
Mizse;1
Modesztusz;1
Mohamed;1
Móka;1
Monor;1
Monti;1
Mór;1
Mordeháj;1
Morgan;1
Móric;1
Mózes;1
Mózsi;1
Músza;1
Nabil;1
Nader;1
Nadim;1
Naftali;1
Nága;1
Naim;1
Nándor;1
Napóleon;1
Nárájan;1
Narcisszusz;1
Náron;1
Naróttama;1
Naszim;1
Nasszer;1
Nátán;1
Nátánael;1
Nataniel;1
Navid;1
Názár;1
Nelzon;1
Nemere;1
Némó;1
Nenád;1
Nepomuk;1
Nergál;1
Néró;1
Nesztor;1
Nétus;1
Nétusz;1
Nevin;1
Nikander;1
Nikétás;1
Nikodémus;1
Nikodémusz;1
Nikolasz;1
Nikosz;1
Nilsz;1
Nimái;1
Nimer;1
Nimród;1
Nitái;1
Noam;1
Nodin;1
Noé;1
Noel;1
Nolan;1
Nolen;1
Nónusz;1
Norbert;1
Norik;1
Norisz;1
Norman;1
Norton;1
Norvard;1
Nurszultán;1
Nyék;1
Nyikoláj;1
Oberon;1
Odiló;1
Odin;1
Odisszeusz;1
Odó;1
Ódor;1
Oguz;1
Oktáv;1
Oktávián;1
Olaf;1
Olavi;1
Oldamur;1
Oleg;1
Olivér;1
Omár;1
Ompoly;1
Omri;1
Ond;1
Orbán;1
Orbó;1
Orda;1
Óren;1
Oresztész;1
Orfeusz;1
Orion;1
Orlandó;1
Ormos;1
Oros;1
Oszkár;1
Oszlár;1
Osszián;1
Oszvald;1
Otelló;1
Otmár;1
Otniel;1
Ottó;1
Ottokár;1
Oven;1
Ovídiusz;1
Ozirisz;1
Ozmin;1
Ozor;1
Ozul;1
Ozsvát;1
Ödön;1
Örkény;1
Örkönd;1
Örs;1
Őze;1
Özséb;1
Pál;1
Palkó;1
Pálos;1
Pamfil;1
Pantaleon;1
Páris;1
Parker;1
Paszkál;1
Patony;1
Patrícius;1
Patrik;1
Pázmán;1
Pázmány;1
Pelágiusz;1
Pelbárt;1
Pellegrin;1
Pentele;1
Penton;1
Peregrin;1
Periklész;1
Perjámos;1
Péter;1
Pető;1
Petres;1
Petrik;1
Petróniusz;1
Petur;1
Petúr;1
Piládész;1
Pió;1
Piramusz;1
Piusz;1
Placid;1
Platón;1
Polidor;1
Polikárp;1
Pongor;1
Pongrác;1
Porfir;1
Pósa;1
Preszton;1
Prímusz;1
Principiusz;1
Rabán;1
Radamesz;1
Radiszló;1
Radó;1
Radomér;1
Rados;1
Radován;1
Radvány;1
Rafael;1
Ráfis;1
Ragnar;1
Rahim;1
Raid;1
Rajan;1
Rájen;1
Rajka;1
Rajmond;1
Rajmund;1
Rajnald;1
Ralf;1
Rami;1
Ramiel;1
Ramirez;1
Ramiró;1
Ramiz;1
Ramón;1
Ramszesz;1
Rápolt;1
Rasid;1
Rasszel;1
Rátold;1
Raúf;1
Raul;1
Razmus;1
Rázsony;1
Redmond;1
Reginald;1
Regő;1
Regös;1
Regős;1
Reinhard;1
Remig;1
Rémus;1
Rémusz;1
Renátó;1
Renátusz;1
René;1
Réva;1
Rézmán;1
Rezső;1
Richárd;1
Rihárd;1
Rikárdó;1
Rikó;1
Rinaldó;1
Róbert;1
Robertó;1
Robin;1
Robinzon;1
Rodel;1
Roderik;1
Rodion;1
Rodrigó;1
Rodzser;1
Rokkó;1
Rókus;1
Roland;1
Rolf;1
Rollan;1
Román;1
Románó;1
Romárió;1
Romed;1
Rómeó;1
Romuald;1
Romulusz;1
Romvald;1
Ron;1
Ronald;1
Ronaldó;1
Ronel;1
Ronen;1
Roni;1
Ronin;1
Rua;1
Ruben;1
Rúben;1
Rudolf;1
Rúfusz;1
Ruga;1
Rupert;1
Rurik;1
Rusdi;1
Ruszlán;1
Rusztem;1
Ruven;1
Salamon;1
Sámson;1
Samu;1
Sámuel;1
Sándor;1
Sarel;1
Sas;1
Saul;1
Sebes;1
Sebestyén;1
Sebő;1
Sebők;1
Sejbán;1
Sém;1
Semjén;1
Sét;1
Simeon;1
Simó;1
Simon;1
Sion;1
Sjám;1
Slomó;1
Sobor;1
Solt;1
Solymár;1
Sólyom;1
Som;1
Soma;1
Spartakusz;1
Srídhara;1
Stefán;1
Surány;1
Surd;1
Suriel;1
Sükösd;1
Szabin;1
Szabolcs;1
Szaján;1
Szalárd;1
Szaléz;1
Szalók;1
Szalvátor;1
Szalviusz;1
Szamir;1
Szandró;1
Szaniszló;1
Szantiágó;1
Szantínó;1
Szatmár;1
Szavér;1
Szebáld;1
Szebasztián;1
Szecső;1
Szedrik;1
Szelemér;1
Szelestény;1
Szelim;1
Szemere;1
Szemír;1
Szendrő;1
Szente;1
Szepes;1
Szeráf;1
Szerénd;1
Szerénusz;1
Szergej;1
Szergiusz;1
Szermond;1
Szervác;1
Szevér;1
Szeveréd;1
Szeverián;1
Szeverin;1
Szidor;1
Szigfrid;1
Szilamér;1
Szilárd;1
Szilas;1
Szilvánusz;1
Szilver;1
Szilvér;1
Szilveszter;1
Szilvió;1
Szilviusz;1
Szindbád;1
Szinisa;1
Szíriusz;1
Szixtusz;1
Szofron;1
Szókratész;1
Szólát;1
Szolón;1
Szórád;1
Szoren;1
Szorin;1
Szovárd;1
Szovát;1
Szörénd;1
Szörény;1
Szpartakusz;1
Szulejmán;1
Szven;1
Tacitusz;1
Taddeus;1
Tádé;1
Tadeusz;1
Takin;1
Taksony;1
Talabér;1
Talabor;1
Talamér;1
Táltos;1
Tamás;1
Tamerlán;1
Tankréd;1
Tar;1
Taráz;1
Tarcal;1
Tarcsa;1
Tardos;1
Tarek;1
Tarján;1
Tárkány;1
Tarsa;1
Tarzíciusz;1
Tas;1
Tasnád;1
Tasziló;1
Tege;1
Tegze;1
Temes;1
Tenger;1
Teó;1
Teobald;1
Teodor;1
Teofil;1
Terenc;1
Terestyén;1
Tétény;1
Tézeusz;1
Tibád;1
Tibériusz;1
Tibold;1
Tibor;1
Tiborc;1
Ticián;1
Tihamér;1
Timó;1
Timon;1
Timor;1
Timót;1
Timóteus;1
Timóteusz;1
Timoti;1
Timur;1
Timuzsin;1
Tirzusz;1
Titán;1
Titusz;1
Tivadar;1
Tiván;1
Tobán;1
Tóbiás;1
Tódor;1
Toma;1
Tomaj;1
Tomor;1
Tonuzóba;1
Torda;1
Tordas;1
Tormás;1
Torna;1
Torontál;1
Töhötöm;1
Tömör;1
Törtel;1
Trajánusz;1
Trevisz;1
Trevor;1
Trisztán;1
Tullió;1
Turul;1
Tuzson;1
Ubul;1
Údó;1
Ugocsa;1
Ugod;1
Ugor;1
Ugron;1
Ulászló;1
Uldin;1
Ulisszesz;1
Ulpián;1
Ulrik;1
Umbertó;1
Upor;1
Urbán;1
Uri;1
Uriás;1
Uriel;1
Uros;1
Uzon;1
Uzor;1
Üllő;1
Vadim;1
Vadony;1
Vajda;1
Vajk;1
Vajta;1
Valdemár;1
Valdó;1
Valentin;1
Valentínó;1
Valér;1
Valérió;1
Valid;1
Valter;1
Valton;1
Várkony;1
Varsány;1
Vászoly;1
Vata;1
Vazul;1
Vázsony;1
Vejke;1
Velek;1
Vencel;1
Vendel;1
Vérbulcsú;1
Vern;1
Verner;1
Vernon;1
Versény;1
Vértes;1
Vetúriusz;1
Viátor;1
Vicián;1
Vid;1
Víd;1
Vida;1
Vidor;1
Vidos;1
Viggó;1
Vikram;1
Viktor;1
Vilibald;1
Vilmos;1
Vince;1
Vincent;1
Virgil;1
Virgíniusz;1
Vitálij;1
Vitális;1
Vitályos;1
Vitány;1
Vitéz;1
Vító;1
Vitold;1
Vitus;1
Vladek;1
Vladimír;1
Vojta;1
Volfram;1
Voren;1
Votan;1
Vulkán;1
Xavér;1
Xerxész;1
Zádor;1
Zágon;1
Zain;1
Zajta;1
Zajzon;1
Zakari;1
Zakariás;1
Zakeus;1
Zala;1
Zalán;1
Zaman;1
Zámor;1
Zarán;1
Zaránd;1
Zdenkó;1
Zebadiás;1
Zebulon;1
Zeke;1
Zeki;1
Zekő;1
Zéman;1
Zénó;1
Zente;1
Zerénd;1
Zerind;1
Zéta;1
Zete;1
Zétény;1
Zeusz;1
Zev;1
Ziad;1
Zílió;1
Zimány;1
Zlatan;1
Zoárd;1
Zobor;1
Zohár;1
Zolta;1
Zoltán;1
Zólyom;1
Zombor;1
Zongor;1
Zorán;1
Zorba;1
Zotmund;1
Zovárd;1
Zovát;1
Zuárd;1
Zuboly;1
Zuriel;1
Zsadán;1
Zsadány;1
Zserald;1
Zsigmond;1
Zsolt;1
Zsombor;1
Zsongor;1
Zsubor;1
Zsülien;1
Abélia;2
Abiáta;2
Abigél;2
Ada;2
Adala;2
Adalberta;2
Adalbertina;2
Adalind;2
Adaora;2
Adél;2
Adela;2
Adéla;2
Adelaida;2
Adelgund;2
Adelgunda;2
Adelheid;2
Adélia;2
Adelin;2
Adelina;2
Adelinda;2
Adema;2
Adeodáta;2
Adina;2
Admira;2
Adolfina;2
Adonika;2
Adóra;2
Adria;2
Adriána;2
Adrianna;2
Adrienn;2
Adrienna;2
Áfonya;2
Áfra;2
Afrodita;2
Afrodité;2
Afszana;2
Agáta;2
Ági;2
Aglája;2
Aglent;2
Agnabella;2
Agnella;2
Ágnes;2
Agnéta;2
Ágosta;2
Ágota;2
Agrippína;2
Aida;2
Aina;2
Ainó;2
Aira;2
Aisa;2
Aisah;2
Ajándék;2
Ájlin;2
Ajna;2
Ajnácska;2
Ajnó;2
Ajra;2
Ajsa;2
Ajtonka;2
Akaiéna;2
Akilina;2
Alamea;2
Alaméa;2
Alana;2
Alba;2
Alberta;2
Albertin;2
Albertina;2
Albina;2
Alda;2
Áldáska;2
Aldea;2
Álea;2
Aléna;2
Aleszja;2
Alesszia;2
Alett;2
Aletta;2
Alexa;2
Alexandra;2
Alexandrin;2
Alexandrina;2
Alexia;2
Alfonza;2
Alfonzin;2
Alfonzina;2
Alfréda;2
Alia;2
Alica;2
Alicia;2
Alícia;2
Alida;2
Alina;2
Alinda;2
Alinka;2
Alirán;2
Alisa;2
Aliszia;2
Alissza;2
Alitta;2
Aliz;2
Alíz;2
Aliza;2
Alizé;2
Alízia;2
Allegra;2
Alma;2
Almanda;2
Almira;2
Almiréna;2
Almitra;2
Aloé;2
Alojzia;2
Aloma;2
Alóma;2
Alvina;2
Ama;2
Amábel;2
Amadea;2
Amadil;2
Amaja;2
Amál;2
Amália;2
Amanda;2
Amandina;2
Amarant;2
Amaranta;2
Amarill;2
Amarilla;2
Amarillisz;2
Amáta;2
Amázia;2
Ambrózia;2
Amelda;2
Ameli;2
Amélia;2
Amelita;2
Ametiszt;2
Amidala;2
Amilla;2
Amina;2
Ámina;2
Aminta;2
Amira;2
Amrita;2
Anabel;2
Anabell;2
Anabella;2
Anada;2
Anaisz;2
Anaszta;2
Anasztázia;2
Anatólia;2
Ancilla;2
Anda;2
Andelin;2
Andelina;2
Andi;2
Andrea;2
Andreina;2
Androméda;2
Anélia;2
Anelma;2
Anéta;2
Anett;2
Anetta;2
Ánfissza;2
Angéla;2
Angélia;2
Angelika;2
Angelina;2
Angella;2
Angyal;2
Angyalka;2
Ani;2
Ania;2
Anica;2
Anicéta;2
Aniella;2
Anika;2
Anikó;2
Anilla;2
Anima;2
Anina;2
Anissza;2
Anita;2
Anitra;2
Anízia;2
Ánizs;2
Anka;2
Ankisza;2
Anna;2
Annabel;2
Annabell;2
Annabella;2
Annabori;2
Annakarina;2
Annakata;2
Annaleila;2
Annaléna;2
Annalilla;2
Annaliza;2
Annalujza;2
Annamari;2
Annamária;2
Annamira;2
Annamíra;2
Annaregina;2
Annaréka;2
Annarita;2
Annaróza;2
Annasára;2
Annaszófia;2
Annavera;2
Annavirág;2
Annelin;2
Anni;2
Annika;2
Annunciáta;2
Anriett;2
Antea;2
Antigoné;2
Antoaneta;2
Antoanett;2
Antonella;2
Antónia;2
Antoniett;2
Antonietta;2
Anzelma;2
Apol;2
Apolka;2
Apollinária;2
Apollónia;2
Aporka;2
Appia;2
Ápril;2
Áprilka;2
Arabella;2
Aranka;2
Arany;2
Aranyka;2
Aranyos;2
Arenta;2
Ari;2
Aria;2
Ariadna;2
Ariadné;2
Ariana;2
Arianna;2
Ariéla;2
Ariella;2
Arienn;2
Arika;2
Arikán;2
Arina;2
Arinka;2
Arita;2
Arlett;2
Armanda;2
Armandina;2
Armella;2
Armida;2
Armilla;2
Ármina;2
Arna;2
Árnika;2
Arnolda;2
Árpádina;2
Artemisz;2
Artemízia;2
Artiana;2
Árvácska;2
Árven;2
Arzénia;2
Asma;2
Aszpázia;2
Asszunta;2
Asztéria;2
Asztrid;2
Asztrida;2
Atala;2
Atalanta;2
Atália;2
Atanázia;2
Atára;2
Aténa;2
Aténé;2
Atika;2
Atina;2
Auguszta;2
Augusztina;2
Aura;2
Aurea;2
Aurélia;2
Aurora;2
Auróra;2
Avarka;2
Aviána;2
Avitál;2
Azálea;2
Aziza;2
Azra;2
Azucséna;2
Azura;2
Azurea;2
Babér;2
Babett;2
Babetta;2
Babiána;2
Babita;2
Bagita;2
Bahar;2
Balbina;2
Balda;2
Balzsa;2
Balzsam;2
Bara;2
Barack;2
Baranka;2
Barbara;2
Barbarella;2
Barbel;2
Barbi;2
Barka;2
Bársony;2
Bársonyka;2
Baucisz;2
Bazilia;2
Bea;2
Beáta;2
Beatricse;2
Beatrisz;2
Beatrix;2
Bebóra;2
Béda;2
Begónia;2
Bejke;2
Béke;2
Bekka;2
Belinda;2
Bella;2
Bellatrix;2
Benáta;2
Benedetta;2
Benedikta;2
Beneditta;2
Benigna;2
Benita;2
Benjamina;2
Bereniké;2
Berfin;2
Berill;2
Berkenye;2
Berna;2
Bernadett;2
Bernadetta;2
Bernarda;2
Bernardina;2
Berta;2
Bertilla;2
Bertina;2
Bertolda;2
Béta;2
Betsabé;2
Betta;2
Betti;2
Bettina;2
Biana;2
Bianka;2
Bibiána;2
Bíbor;2
Bíbora;2
Bíboranna;2
Bíborka;2
Bié;2
Birgit;2
Biri;2
Bítia;2
Blandina;2
Blanka;2
Blazsena;2
Blondina;2
Bóbita;2
Bodza;2
Bogárka;2
Bogáta;2
Bogdána;2
Bogi;2
Boglár;2
Boglárka;2
Bojána;2
Bolda;2
Bolívia;2
Boni;2
Bonita;2
Bonni;2
Bora;2
Bóra;2
Borbála;2
Borbolya;2
Borcsa;2
Bori;2
Boris;2
Boriska;2
Borka;2
Boróka;2
Borostyán;2
Borsika;2
Bozsena;2
Bozsóka;2
Böbe;2
Böske;2
Brenda;2
Brianna;2
Briell;2
Brigi;2
Brigitta;2
Britani;2
Britni;2
Britta;2
Brohe;2
Brunella;2
Brunhilda;2
Brünhild;2
Búzavirág;2
Cecília;2
Cecilla;2
Celerina;2
Celeszta;2
Celesztina;2
Célia;2
Celina;2
Cettina;2
Cezarin;2
Cezarina;2
Cicelle;2
Ciklámen;2
Cila;2
Cili;2
Cilka;2
Cilla;2
Cinderella;2
Cinella;2
Cinka;2
Cinna;2
Cinnia;2
Cintia;2
Cipora;2
Cippóra;2
Cipra;2
Cipriána;2
Ciprienn;2
Cirel;2
Cirilla;2
Citta;2
Csaga;2
Csalka;2
Csende;2
Csendike;2
Csenge;2
Csengele;2
Csente;2
Cseperke;2
Csepke;2
Cseresznye;2
Csermely;2
Cserne;2
Csilla;2
Csillag;2
Csillagvirág;2
Csinszka;2
Csinyere;2
Csobánka;2
Csobilla;2
Csoboka;2
Csönge;2
Csöre;2
Dafna;2
Dafné;2
Dála;2
Dalanda;2
Dália;2
Dalida;2
Dalla;2
Dalma;2
Damajanti;2
Damarisz;2
Damiána;2
Damira;2
Damjána;2
Dana;2
Danica;2
Daniela;2
Daniéla;2
Daniella;2
Danila;2
Danka;2
Danna;2
Danuta;2
Dára;2
Daria;2
Dária;2
Darina;2
Darinka;2
Darla;2
Davina;2
Dea;2
Debóra;2
Delani;2
Delfina;2
Délia;2
Délibáb;2
Delila;2
Delinda;2
Delinke;2
Della;2
Demetria;2
Déna;2
Denerisz;2
Denisza;2
Denissza;2
Deniza;2
Deodáta;2
Derien;2
Detti;2
Dettina;2
Déva;2
Devana;2
Deveni;2
Devínia;2
Dezdemóna;2
Dézi;2
Dezideráta;2
Dezidéria;2
Dia;2
Diana;2
Diána;2
Diandra;2
Diké;2
Dilara;2
Dimitra;2
Dina;2
Dinara;2
Dió;2
Dionízia;2
Diotíma;2
Ditke;2
Ditta;2
Ditte;2
Ditti;2
Dolli;2
Dolóresz;2
Dolorita;2
Doloróza;2
Domicella;2
Domiciána;2
Dominika;2
Dominka;2
Domitilla;2
Donáta;2
Donatella;2
Donna;2
Dóra;2
Dorabella;2
Doren;2
Doretta;2
Dóri;2
Dorina;2
Dorinda;2
Dorinka;2
Dorisz;2
Dorit;2
Dorka;2
Dorkás;2
Dorkász;2
Dormánka;2
Dorotea;2
Doroti;2
Dorotina;2
Dorottya;2
Dotti;2
Döníz;2
Druzsiána;2
Dulcinea;2
Dusánka;2
Dusenka;2
Dusmáta;2
Dvora;2
Dzsamila;2
Dzsámília;2
Dzsamilla;2
Dzsenet;2
Dzsenifer;2
Dzsenna;2
Dzsenni;2
Dzsesszika;2
Dzsindzser;2
Écska;2
Éda;2
Edda;2
Edentina;2
Edina;2
Edit;2
Edmunda;2
Edna;2
Édra;2
Édua;2
Eduárda;2
Edvarda;2
Edvina;2
Effi;2
Egberta;2
Egres;2
Eija;2
Eisa;2
Ekaterina;2
Ékes;2
Eleanor;2
Elektra;2
Elen;2
Elena;2
Eleni;2
Elenor;2
Eleonóra;2
Életke;2
Elfrida;2
Elga;2
Eliána;2
Elida;2
Elif;2
Elin;2
Elina;2
Elinor;2
Eliora;2
Eliz;2
Elíz;2
Eliza;2
Elizabell;2
Elizabet;2
Elizin;2
Elka;2
Elke;2
Ella;2
Elli;2
Ellina;2
Elma;2
Elmira;2
Eloiz;2
Elvira;2
Elza;2
Emanuéla;2
Emerencia;2
Emerika;2
Emerina;2
Emerita;2
Emerka;2
Emese;2
Émi;2
Emili;2
Emilia;2
Emília;2
Emiliána;2
Emina;2
Emíra;2
Emma;2
Emmaróza;2
Emmi;2
Emő;2
Emőke;2
Enciána;2
Ené;2
Enéh;2
Enese;2
Enet;2
Enid;2
Enikő;2
Enja;2
Enna;2
Eper;2
Eperke;2
Epifánia;2
Eponin;2
Era;2
Erátó;2
Erika;2
Erina;2
Ermelinda;2
Erna;2
Ernella;2
Erneszta;2
Ernesztin;2
Ernesztina;2
Ervina;2
Ervínia;2
Erzsébet;2
Erzsi;2
Esma;2
Estella;2
Estilla;2
Eszmeralda;2
Esztella;2
Eszténa;2
Eszter;2
Eta;2
Etel;2
Etelka;2
Etka;2
Etta;2
Etus;2
Eudoxia;2
Eufémia;2
Eufrozina;2
Eugénia;2
Eulália;2
Eunika;2
Euniké;2
Euridiké;2
Európa;2
Eutímia;2
Euzébia;2
Éva;2
Evangelika;2
Evangelina;2
Evelin;2
Evelina;2
Evetke;2
Évi;2
Evica;2
Evila;2
Evina;2
Evita;2
Evódia;2
Evolet;2
Evolett;2
Evra;2
Fabiána;2
Fabióla;2
Fabrícia;2
Fadett;2
Fahéj;2
Fáni;2
Fanna;2
Fanni;2
Fantina;2
Fárá;2
Fáta;2
Fatima;2
Fatime;2
Fausztina;2
Fébé;2
Febrónia;2
Federika;2
Fedóra;2
Fédra;2
Fehér;2
Fehéra;2
Fehére;2
Fehérke;2
Felda;2
Felícia;2
Feliciána;2
Felicita;2
Felicitás;2
Felicitász;2
Fenenna;2
Feodóra;2
Ferdinanda;2
Fernanda;2
Fiametta;2
Fiamma;2
Fidélia;2
Filadelfia;2
Filippa;2
Fillisz;2
Filoméla;2
Filoména;2
Filotea;2
Fióna;2
Fiorella;2
Fioretta;2
Firtos;2
Flamina;2
Flanna;2
Flávia;2
Flóra;2
Floransz;2
Florencia;2
Florentina;2
Florianna;2
Florica;2
Florina;2
Florinda;2
Fortuna;2
Fortunáta;2
Főbe;2
Franciska;2
Frangipáni;2
Franka;2
Franni;2
Freja;2
Frézia;2
Frida;2
Friderika;2
Fruzsina;2
Fulvia;2
Fürtike;2
Füzér;2
Füzike;2
Gabriella;2
Gaia;2
Gajána;2
Gala;2
Galamb;2
Galatea;2
Galina;2
Gardénia;2
Gauri;2
Géda;2
Géla;2
Gemella;2
Gemma;2
Génia;2
Genovéva;2
Georgina;2
Gerbera;2
Gerda;2
Gerle;2
Gerti;2
Gertrúd;2
Gertrúdisz;2
Gesztenye;2
Gilberta;2
Gilda;2
Gina;2
Giszmunda;2
Gitka;2
Gitta;2
Giza;2
Gizella;2
Glenda;2
Glória;2
Godiva;2
Golda;2
Goldina;2
Gordána;2
Grácia;2
Graciána;2
Graciella;2
Grész;2
Gréta;2
Gréte;2
Gréti;2
Grizelda;2
Grizeldisz;2
Gunda;2
Gvenda;2
Gvendolin;2
Gyémánt;2
Gyopár;2
Gyopárka;2
Gyömbér;2
Gyöngy;2
Gyöngyi;2
Gyöngyike;2
Gyöngyös;2
Gyöngyvér;2
Gyöngyvirág;2
Györgyi;2
Györgyike;2
Hadassa;2
Hágár;2
Hajna;2
Hajnácska;2
Hajnal;2
Hajnalka;2
Hajni;2
Halina;2
Hana;2
Hanga;2
Hanife;2
Hanka;2
Hanna;2
Hannabella;2
Hannadóra;2
Hannaliza;2
Hannaróza;2
Hanni;2
Hargita;2
Hargitta;2
Harmat;2
Harmatka;2
Harriet;2
Hatidzse;2
Havadi;2
Havaska;2
Heba;2
Hébé;2
Héda;2
Hedda;2
Hédi;2
Hedvig;2
Heidi;2
Héla;2
Helen;2
Helén;2
Helena;2
Heléna;2
Helga;2
Hélia;2
Helka;2
Hella;2
Helza;2
Heni;2
Henna;2
Henni;2
Henriett;2
Henrietta;2
Héra;2
Hermia;2
Hermina;2
Herta;2
Heszna;2
Hessza;2
Hetti;2
Hiacinta;2
Hieronima;2
Hilária;2
Hilda;2
Hildegárd;2
Hildelita;2
Hilka;2
Hina;2
Hippia;2
Hippolita;2
Hófehérke;2
Holda;2
Holli;2
Honóra;2
Honoráta;2
Honória;2
Honorina;2
Honorka;2
Horácia;2
Hortenzia;2
Hóvirág;2
Huberta;2
Hunóra;2
Hunorka;2
Hürrem;2
Ibolya;2
Ibolyka;2
Ica;2
Ida;2
Idril;2
Iduna;2
Ifigénia;2
Ignácia;2
Ika;2
Ila;2
Ilang;2
Ilda;2
Ildi;2
Ildikó;2
Ilitia;2
Ilka;2
Illa;2
Illangó;2
Ilma;2
Ilna;2
Ilon;2
Ilona;2
Ilonka;2
Ilus;2
Iluska;2
Ilze;2
Imela;2
Imelda;2
Immakuláta;2
Imodzsen;2
Imogén;2
Imola;2
Inana;2
India;2
Indira;2
Indra;2
Inez;2
Inge;2
Ingeborg;2
Ingrid;2
Inka;2
Innocencia;2
Ippolita;2
Ira;2
Irén;2
Iréne;2
Irénke;2
Irina;2
Iringó;2
Írisz;2
Irma;2
Isméria;2
Itala;2
Ivána;2
Ivett;2
Ivetta;2
Ivica;2
Ividő;2
Ivola;2
Ivon;2
Ivonn;2
Iza;2
Izabel;2
Izabell;2
Izabella;2
Izaura;2
Izidóra;2
Ízisz;2
Izméne;2
Izolda;2
Izóra;2
Jácinta;2
Jáde;2
Jádránka;2
Jadviga;2
Jáel;2
Jáél;2
Jaffa;2
Jáhel;2
Jaina;2
Jakobina;2
Jamina;2
Jamuná;2
Jana;2
Janina;2
Janka;2
Janna;2
Jara;2
Jára;2
Járá;2
Jarmila;2
Jászira;2
Jávorka;2
Jázmin;2
Jázmina;2
Jelena;2
Jelina;2
Jelka;2
Jella;2
Jemima;2
Jenni;2
Jente;2
Jerne;2
Jeronima;2
Jerta;2
Jeszénia;2
Jetta;2
Jetti;2
Jiszka;2
Joana;2
Johanka;2
Johanna;2
Johara;2
Jokébed;2
Jola;2
Jolán;2
Jolanda;2
Jolánka;2
Jolánta;2
Joli;2
Jolina;2
Jonka;2
Jordána;2
Joszina;2
Jována;2
Jozefa;2
Jozefin;2
Jozefina;2
Józsa;2
Juci;2
Judit;2
Julcsi;2
Juli;2
Júlia;2
Juliána;2
Julianna;2
Julietta;2
Julilla;2
Julinka;2
Juliska;2
Julitta;2
Julka;2
Júnó;2
Jusztícia;2
Jusztina;2
Jusztínia;2
Jutka;2
Jutta;2
Kádizsá;2
Kála;2
Kali;2
Kalina;2
Kalipszó;2
Kalli;2
Kalliopé;2
Kalliszta;2
Kalpavalli;2
Kámea;2
Kamélia;2
Kamilia;2
Kamília;2
Kamilla;2
Kandida;2
Karen;2
Karin;2
Karina;2
Kárisz;2
Karitász;2
Karla;2
Karméla;2
Karmelina;2
Karmella;2
Karmen;2
Kármen;2
Kármin;2
Karola;2
Karolin;2
Karolina;2
Karolt;2
Kasszandra;2
Kata;2
Katalea;2
Katalin;2
Katalina;2
Katarina;2
Katerina;2
Kati;2
Katica;2
Katinka;2
Kató;2
Katrin;2
Katrina;2
Kátya;2
Kecia;2
Kéla;2
Kelda;2
Kelli;2
Kendra;2
Kenza;2
Kéra;2
Kéren;2
Kerka;2
Kersztin;2
Kerubina;2
Késa;2
Ketrin;2
Kiara;2
Kikinda;2
Kiliána;2
Kimberli;2
Kincs;2
Kincse;2
Kincső;2
Kinga;2
Kira;2
Kíra;2
Kiri;2
Kirilla;2
Kirtana;2
Kisanna;2
Kisó;2
Kitana;2
Kitti;2
Klára;2
Klári;2
Klarisz;2
Klarissza;2
Klaudetta;2
Klaudia;2
Klaudiána;2
Klea;2
Klélia;2
Klemátisz;2
Klemencia;2
Klementin;2
Klementina;2
Kleó;2
Kleopátra;2
Klió;2
Kloé;2
Klotild;2
Kolett;2
Koletta;2
Kolomba;2
Kolombina;2
Konkordia;2
Konstancia;2
Konstantina;2
Kora;2
Korália;2
Korall;2
Kordélia;2
Korina;2
Korinna;2
Kornélia;2
Koronilla;2
Kozett;2
Kozima;2
Kökény;2
Kreola;2
Kreszcencia;2
Krimhilda;2
Kriszta;2
Krisztabell;2
Kriszti;2
Krisztiána;2
Krisztin;2
Krisztina;2
Krizanta;2
Krizia;2
Kunigunda;2
Kunti;2
Küllikki;2
Küne;2
Ladiszla;2
Lagerta;2
Laksmi;2
Lalita;2
Lamberta;2
Lana;2
Lara;2
Larcia;2
Larett;2
Larina;2
Larissza;2
Lartia;2
Latífe;2
Latiká;2
Latinka;2
Laura;2
Laurencia;2
Lauretta;2
Lava;2
Lavanda;2
Lavínia;2
Lea;2
Leandra;2
Léda;2
Leila;2
Lejka;2
Lejla;2
Lejle;2
Lejre;2
Léla;2
Lélia;2
Lelle;2
Lemna;2
Léna;2
Lencsi;2
Léni;2
Lenita;2
Lenka;2
Lenke;2
Lenóra;2
Leona;2
Leonarda;2
Leonetta;2
Leoni;2
Leonor;2
Leonóra;2
Leontina;2
Leopolda;2
Leopoldina;2
Leóti;2
Leticia;2
Letícia;2
Letisa;2
Létó;2
Letta;2
Letti;2
Levendula;2
Levina;2
Levízia;2
Lexa;2
Lia;2
Liana;2
Liána;2
Lianna;2
Lícia;2
Lida;2
Lidi;2
Lídia;2
Lígia;2
Lili;2
Lilia;2
Lilian;2
Lilián;2
Liliána;2
Lilianna;2
Lilibell;2
Lilibet;2
Lilien;2
Liliom;2
Liliróza;2
Lilit;2
Lilita;2
Lilla;2
Lilu;2
Lina;2
Linda;2
Linéa;2
Linett;2
Linetta;2
Linka;2
Lionella;2
Lióra;2
Lira;2
Líra;2
Líria;2
Lítia;2
Lívia;2
Liviána;2
Livianna;2
Liz;2
Liza;2
Lizabell;2
Lizabella;2
Lizandra;2
Lizanka;2
Lizanna;2
Lizavéta;2
Lizbett;2
Lizett;2
Lizetta;2
Lizi;2
Lízia;2
Lizinka;2
Ljuba;2
Lóisz;2
Lola;2
Lolita;2
Lolli;2
Lona;2
Lóna;2
Lonci;2
Lora;2
Lorella;2
Lorena;2
Loréna;2
Lorenza;2
Lorett;2
Loretta;2
Lori;2
Loriana;2
Lorin;2
Lorina;2
Lorka;2
Lorna;2
Lotta;2
Lotte;2
Lotti;2
Luca;2
Lúcia;2
Luciána;2
Lucilla;2
Lucinda;2
Lúcsia;2
Ludmilla;2
Ludovika;2
Lujza;2
Lujzi;2
Lukrécia;2
Lula;2
Lulu;2
Luna;2
Lupitá;2
Lüszi;2
Mábel;2
Mabella;2
Madita;2
Madlen;2
Madléna;2
Magda;2
Magdaléna;2
Magdi;2
Magdó;2
Magdolna;2
Magnólia;2
Magorka;2
Mahália;2
Maida;2
Maja;2
Majoranna;2
Makaréna;2
Makrina;2
Maléna;2
Malina;2
Malka;2
Málna;2
Malvin;2
Malvina;2
Mályva;2
Maminti;2
Manda;2
Mandola;2
Mandorla;2
Mandula;2
Manfréda;2
Manga;2
Manka;2
Manna;2
Manolita;2
Manon;2
Manszvéta;2
Manuela;2
Manuéla;2
Manuella;2
Manyi;2
Mara;2
Marcella;2
Marcellina;2
Maréza;2
Margarét;2
Margaréta;2
Margaretta;2
Margarita;2
Margit;2
Margita;2
Margitta;2
Margitvirág;2
Margó;2
Mari;2
Mária;2
Mariam;2
Mariann;2
Marianna;2
Marica;2
Mariella;2
Mariett;2
Marietta;2
Marika;2
Marilla;2
Marina;2
Marinella;2
Marinetta;2
Marinka;2
Marion;2
Marióra;2
Mariska;2
Marita;2
Markéta;2
Marléne;2
Márta;2
Márti;2
Martina;2
Martinella;2
Martinka;2
Masa;2
Mása;2
Matild;2
Matilda;2
Mátka;2
Maura;2
Maurícia;2
Maxima;2
Maximilla;2
Mea;2
Méda;2
Medárda;2
Médea;2
Médeia;2
Médi;2
Medina;2
Medó;2
Medóra;2
Megán;2
Megara;2
Meggi;2
Mehdia;2
Meike;2
Melani;2
Melánia;2
Melba;2
Mélia;2
Melina;2
Melinda;2
Melióra;2
Melissza;2
Melitta;2
Melizand;2
Melodi;2
Melódia;2
Meluzina;2
Mena;2
Mendi;2
Menodóra;2
Menta;2
Méra;2
Méráb;2
Mercédesz;2
Meredisz;2
Meri;2
Méri;2
Meril;2
Merilin;2
Merima;2
Messzua;2
Méta;2
Metella;2
Métisz;2
Metta;2
Mia;2
Miana;2
Mici;2
Miett;2
Mietta;2
Mihaéla;2
Mikolt;2
Mila;2
Milágrosz;2
Milana;2
Milanna;2
Milda;2
Milena;2
Miléna;2
Miletta;2
Milica;2
Milka;2
Milla;2
Milli;2
Mimi;2
Mimma;2
Mimóza;2
Mina;2
Mína;2
Mínea;2
Minerva;2
Minetta;2
Minka;2
Minna;2
Minóna;2
Mira;2
Míra;2
Mirabel;2
Mirabell;2
Mirabella;2
Mirana;2
Miranda;2
Mirandella;2
Mirandola;2
Mirandolína;2
Mirázs;2
Mirea;2
Mirella;2
Miri;2
Miriam;2
Miriám;2
Mirijam;2
Mirjam;2
Mirjána;2
Mirka;2
Mirna;2
Mirona;2
Mirtilia;2
Mirtill;2
Misell;2
Mita;2
Miu;2
Moána;2
Modeszta;2
Modesztina;2
Mogyoró;2
Móhini;2
Moira;2
Molli;2
Mona;2
Móna;2
Móni;2
Mónika;2
Montika;2
Morella;2
Morgána;2
Muriel;2
Múzsa;2
Nabiha;2
Nadett;2
Nadia;2
Nadin;2
Nadinka;2
Nadira;2
Nádja;2
Nagyezsda;2
Naira;2
Nájiká;2
Nalani;2
Nalini;2
Nalla;2
Namika;2
Nana;2
Nanae;2
Nanda;2
Nandin;2
Nandini;2
Nandita;2
Nanett;2
Nanetta;2
Náni;2
Naomi;2
Naómi;2
Napsugár;2
Napvirág;2
Nara;2
Nárcisz;2
Narcissza;2
Narin;2
Narina;2
Narmin;2
Násfa;2
Nasira;2
Nasztázia;2
Natali;2
Natália;2
Natánia;2
Natasa;2
Nauszika;2
Nausziká;2
Nauzika;2
Nazira;2
Nazli;2
Nea;2
Nedda;2
Nefelejcs;2
Nefeli;2
Néla;2
Nelda;2
Néle;2
Nélia;2
Nella;2
Nelli;2
Nenszi;2
Nerella;2
Nerina;2
Neste;2
Neszrin;2
Neszta;2
Netta;2
Netti;2
Néva;2
Névia;2
Nia;2
Niara;2
Nika;2
Niké;2
Niki;2
Nikodémia;2
Nikol;2
Nikola;2
Nikolett;2
Nikoletta;2
Nikolina;2
Nila;2
Níla;2
Nilla;2
Nilüfer;2
Nimfa;2
Nina;2
Ninell;2
Ninett;2
Ninetta;2
Ninon;2
Niobé;2
Nirmalá;2
Nisá;2
Nissza;2
Nita;2
Niva;2
Noa;2
Noéla;2
Noélia;2
Noelin;2
Noella;2
Noémi;2
Nola;2
Nolina;2
Nomin;2
Nona;2
Nóna;2
Nonna;2
Nóra;2
Norberta;2
Norella;2
Norena;2
Nóri;2
Norina;2
Norka;2
Norma;2
Nova;2
Noveli;2
Nurbanu;2
Núria;2
Nyeste;2
Nyina;2
Oana;2
Odett;2
Odetta;2
Odil;2
Odília;2
Ofélia;2
Oktávia;2
Olena;2
Olga;2
Oliána;2
Olimpia;2
Olina;2
Olinda;2
Oliva;2
Olivia;2
Olívia;2
Opál;2
Opika;2
Ora;2
Orália;2
Orchidea;2
Orgona;2
Oriána;2
Orsi;2
Orsika;2
Orsolya;2
Oszvalda;2
Otília;2
Ottilia;2
Oxána;2
Ozora;2
Örsi;2
Örsike;2
Örzse;2
Őszike;2
Őzike;2
Pálma;2
Palmira;2
Paloma;2
Palóma;2
Pamela;2
Paméla;2
Pamína;2
Pandora;2
Pandóra;2
Panka;2
Panna;2
Panni;2
Parisza;2
Paszkália;2
Pasztorella;2
Patricia;2
Patrícia;2
Paula;2
Pauletta;2
Paulin;2
Paulina;2
Peggi;2
Pelágia;2
Pénelopé;2
Peónia;2
Peregrina;2
Perenna;2
Perla;2
Perpétua;2
Petra;2
Petrina;2
Petronella;2
Petrónia;2
Petúnia;2
Pilár;2
Pintyőke;2
Pipacs;2
Pippa;2
Pírea;2
Piri;2
Pirit;2
Piros;2
Piroska;2
Placida;2
Platina;2
Polda;2
Polett;2
Pólika;2
Polina;2
Polixéna;2
Polla;2
Polli;2
Pompília;2
Pompónia;2
Poppea;2
Primula;2
Priszcilla;2
Prudencia;2
Psziché;2
Ráchel;2
Rafaéla;2
Rafaella;2
Ragna;2
Ráhel;2
Rahima;2
Rajmonda;2
Rajmunda;2
Rákhel;2
Rákis;2
Raktimá;2
Ramina;2
Ramira;2
Ramóna;2
Rana;2
Rasdi;2
Rea;2
Rebeka;2
Rege;2
Regina;2
Réka;2
Relinda;2
Rella;2
Relli;2
Remény;2
Reményke;2
Réna;2
Renáta;2
Réta;2
Rezeda;2
Rézi;2
Ria;2
Riana;2
Rika;2
Ríka;2
Rikarda;2
Ripszima;2
Rita;2
Ritta;2
Riza;2
Roberta;2
Robertin;2
Robertina;2
Robina;2
Robinetta;2
Rodé;2
Rodelinda;2
Romána;2
Romi;2
Romina;2
Rominett;2
Romola;2
Rona;2
Ronett;2
Ronetta;2
Rovéna;2
Roxán;2
Roxána;2
Róz;2
Róza;2
Rózabella;2
Rozál;2
Rozali;2
Rozália;2
Rozalina;2
Rozalinda;2
Rózamari;2
Rozamunda;2
Rozanna;2
Rozi;2
Rózi;2
Rozina;2
Rozita;2
Rozmarin;2
Rozmaring;2
Rozvita;2
Rózsa;2
Rózsi;2
Röné;2
Rubi;2
Rubin;2
Rubina;2
Rubinka;2
Rudolfina;2
Rufina;2
Rúna;2
Ruperta;2
Ruszalka;2
Ruszlána;2
Rut;2
Ruti;2
Ruzsinka;2
Rüja;2
Sába;2
Sáfély;2
Sáfrány;2
Sakira;2
Sakti;2
Salomé;2
Salóme;2
Samuella;2
Sanel;2
Santál;2
Santel;2
Sára;2
Sári;2
Sarlott;2
Sárlott;2
Sárma;2
Sármen;2
Sarolt;2
Sarolta;2
Sáron;2
Seherezádé;2
Seila;2
Sejda;2
Sejla;2
Sekina;2
Seli;2
Senon;2
Sera;2
Serihen;2
Seron;2
Sifra;2
Sirá;2
Siváni;2
Skolasztika;2
Stefánia;2
Stefi;2
Stella;2
Sudár;2
Sudárka;2
Sugár;2
Sugárka;2
Suki;2
Szabella;2
Szabina;2
Szabrina;2
Szaffi;2
Szafia;2
Szafira;2
Szalima;2
Szalóme;2
Szalvia;2
Szamanta;2
Szamia;2
Szamira;2
Szamóca;2
Szandra;2
Szangítá;2
Szániva;2
Szanna;2
Szantána;2
Szantina;2
Szaraszvati;2
Szaszkia;2
Száva;2
Szavanna;2
Szavéta;2
Szavina;2
Szávitri;2
Szébra;2
Szeder;2
Szederke;2
Szedra;2
Szegfű;2
Szeléna;2
Szelina;2
Szelli;2
Szellő;2
Szellőke;2
Szelma;2
Szemerke;2
Szemira;2
Szemirámisz;2
Szemőke;2
Szende;2
Szendi;2
Szendike;2
Szendile;2
Szengláhák;2
Szénia;2
Szenta;2
Szépa;2
Szépe;2
Szera;2
Szerafina;2
Szeréna;2
Szerénke;2
Szerkő;2
Szevda;2
Szeverina;2
Szibell;2
Szibella;2
Szibill;2
Szibilla;2
Szidalisz;2
Szidi;2
Szidónia;2
Sziéna;2
Sziglind;2
Szilárda;2
Szille;2
Szilva;2
Szilvána;2
Szilvesztra;2
Szilvi;2
Szilvia;2
Szimin;2
Szimka;2
Szimóna;2
Szimonett;2
Szimonetta;2
Szindi;2
Színes;2
Szinta;2
Szintia;2
Szira;2
Szíra;2
Szirén;2
Sziri;2
Sziringa;2
Szirka;2
Szirom;2
Szironka;2
Szítá;2
Szivárvány;2
Szixtin;2
Szixtina;2
Szkarlett;2
Szkilla;2
Szmirna;2
Szofi;2
Szofia;2
Szófia;2
Szofiana;2
Szofiána;2
Szofianna;2
Szofinett;2
Szofrónia;2
Szohéila;2
Szolanzs;2
Szona;2
Szonja;2
Szonóra;2
Szoraja;2
Szorina;2
Szörénke;2
Sztavrula;2
Sztefani;2
Sztella;2
Sztilla;2
Szulamit;2
Szulejka;2
Szulikó;2
Szulita;2
Szultána;2
Szurina;2
Szüntüké;2
Szüvellő;2
Szvetlana;2
Szvetlána;2
Tábita;2
Tácia;2
Taciána;2
Taisza;2
Tália;2
Talita;2
Tallula;2
Támár;2
Tamara;2
Tamina;2
Tamira;2
Tanázia;2
Tanita;2
Tánya;2
Tara;2
Tarzícia;2
Tatjána;2
Tavasz;2
Tavaszka;2
Tea;2
Tegza;2
Tekla;2
Telka;2
Telma;2
Témisz;2
Téna;2
Ténia;2
Teobalda;2
Teodolinda;2
Teodóra;2
Teodózia;2
Teofánia;2
Teofila;2
Teónia;2
Tercia;2
Teréz;2
Tereza;2
Teréza;2
Terézia;2
Teri;2
Terka;2
Tertullia;2
Tessza;2
Tétisz;2
Tia;2
Tiana;2
Tiána;2
Tiara;2
Tícia;2
Ticiána;2
Tifani;2
Tikva;2
Tilda;2
Tília;2
Tilla;2
Tímea;2
Timona;2
Timótea;2
Tina;2
Tinetta;2
Tinka;2
Tira;2
Tíra;2
Tirca;2
Tíria;2
Tirza;2
Titánia;2
Titanilla;2
Titti;2
Tittína;2
Tóbia;2
Tomázia;2
Tomazina;2
Topáz;2
Toszka;2
Triniti;2
Triszta;2
Trixi;2
Trudi;2
Túlia;2
Tulipán;2
Tullia;2
Tünde;2
Tündér;2
Tündi;2
Tűzvirág;2
Uljána;2
Ulla;2
Ulrika;2
Úna;2
Uránia;2
Urbána;2
Urszula;2
Urzula;2
Urzulina;2
Uzonka;2
Üdvöske;2
Üne;2
Ünige;2
Ünőke;2
Vadvirág;2
Valencia;2
Valentina;2
Valéria;2
Valetta;2
Valina;2
Vanda;2
Vanessza;2
Vanília;2
Vanilla;2
Varínia;2
Vásti;2
Vaszilia;2
Vaszília;2
Vasziliki;2
Veca;2
Véda;2
Vélia;2
Velmira;2
Vendelina;2
Vénusz;2
Vera;2
Veránka;2
Verbéna;2
Veréna;2
Verita;2
Verka;2
Verna;2
Veron;2
Verona;2
Veronika;2
Veronka;2
Veselke;2
Veszna;2
Veszta;2
Véta;2
Vetti;2
Vetúria;2
Via;2
Vica;2
Viki;2
Vikta;2
Viktória;2
Viktorina;2
Vilászini;2
Vilhelma;2
Vilhelmina;2
Vilja;2
Villő;2
Vilma;2
Vilora;2
Vilté;2
Vincencia;2
Viola;2
Violenta;2
Violet;2
Violett;2
Violetta;2
Viorika;2
Virág;2
Virgília;2
Virgínia;2
Víta;2
Vitália;2
Vitolda;2
Vivi;2
Viviána;2
Vivianna;2
Vivien;2
Vivika;2
Vrinda;2
Vrindávani;2
Vulfia;2
Xavéria;2
Xénia;2
Xenodiké;2
Zada;2
Zádorka;2
Zafira;2
Zahara;2
Zahira;2
Zaina;2
Zája;2
Zakária;2
Zalánka;2
Záli;2
Zamfira;2
Zamina;2
Zamira;2
Zamíra;2
Zana;2
Zara;2
Zarina;2
Zazi;2
Zdenka;2
Zea;2
Zéfi;2
Zefira;2
Zejna;2
Zejnep;2
Zéla;2
Zelda;2
Zélia;2
Zelina;2
Zelinda;2
Zelinde;2
Zeline;2
Zelinke;2
Zelka;2
Zella;2
Zelli;2
Zelma;2
Zelmira;2
Zena;2
Zenge;2
Zengő;2
Zenina;2
Zenke;2
Zenkő;2
Zenna;2
Zenóbia;2
Zenta;2
Zeta;2
Zetta;2
Zetti;2
Zia;2
Ziara;2
Zília;2
Zille;2
Zimra;2
Zina;2
Zinaida;2
Zinajda;2
Zinka;2
Zita;2
Ziva;2
Ziza;2
Zizi;2
Zlata;2
Zoárda;2
Zoé;2
Zohara;2
Zoja;2
Zója;2
Zolna;2
Zoltána;2
Zomilla;2
Zonera;2
Zonga;2
Zora;2
Zóra;2
Zorina;2
Zorinka;2
Zorka;2
Zosja;2
Zöldike;2
Zulejka;2
Zsadányka;2
Zsaklin;2
Zsáklin;2
Zsálya;2
Zsana;2
Zsanett;2
Zsanin;2
Zsanina;2
Zsanka;2
Zsanna;2
Zsazsa;2
Zsázsa;2
Zsejke;2
Zselinke;2
Zsella;2
Zselyke;2
Zseni;2
Zseraldin;2
Zseráldin;2
Zseraldina;2
Zsinett;2
Zsófi;2
Zsófia;2
Zsófianna;2
Zsóka;2
Zsolna;2
Zsorzsett;2
Zsuzsa;2
Zsuzsanna;2
Zsuzsánna;2
Zsuzsi;2
Zsuzska;2
Zsüliett;2
Zsüsztin;2
